{
    "rmse": 56.17403319497533,
    "mae": 33.838384146446224,
    "r2": 0.8047949270025114
}