{
    "rmse": 56.21399338615487,
    "mae": 33.887641000341965,
    "r2": 0.8045171044547583
}